loss,mae
0.00593752833083272,0.058951832354068756
