loss,mae
4312.1962890625,55.27033233642578
